source_id,source_row,publication_date_jalali,location_raw,district_reported,area_m2,age_raw,age_years,price_per_m2_million_toman_raw,price_per_m2_toman,source_url,measure,retrieved_on
104477,1,1401-11-06,تهرانپارس. استخر,,73,27,27,49.3,49300000,https://www.iranjib.ir/showprint/104477/,asking_price,2026-09-12
104477,2,1401-11-06,مینی سیتی. شهرک نفت,,100,13,13,100,100000000,https://www.iranjib.ir/showprint/104477/,asking_price,2026-09-12
104477,3,1401-11-06,جشنواره. فتاحی,,86,نوساز,,56.3,56300000,https://www.iranjib.ir/showprint/104477/,asking_price,2026-09-12
104477,4,1401-11-06,نیاوران. امیر,,193,نوساز,,180,180000000,https://www.iranjib.ir/showprint/104477/,asking_price,2026-09-12
104477,5,1401-11-06,سراج. گلستان,,80,نوساز,,65,65000000,https://www.iranjib.ir/showprint/104477/,asking_price,2026-09-12
104477,6,1401-11-06,جنت آباد جنوبی. خیابان سوم,,93,13,13,73.1,73100000,https://www.iranjib.ir/showprint/104477/,asking_price,2026-09-12
104477,7,1401-11-06,لویزان. شیان,,92,19,19,79.1,79100000,https://www.iranjib.ir/showprint/104477/,asking_price,2026-09-12
104477,8,1401-11-06,ایران.قادری,,94,نوساز,,60,60000000,https://www.iranjib.ir/showprint/104477/,asking_price,2026-09-12
104477,9,1401-11-06,دیباجی جنوبی. نبرد شمالی,,50,20,20,40,40000000,https://www.iranjib.ir/showprint/104477/,asking_price,2026-09-12
104477,10,1401-11-06,سبلان شمالی. محسن آزادی,,45,19,19,31.1,31100000,https://www.iranjib.ir/showprint/104477/,asking_price,2026-09-12
104477,11,1401-11-06,الهیه. گلنار,,400,12,12,160,160000000,https://www.iranjib.ir/showprint/104477/,asking_price,2026-09-12
104477,12,1401-11-06,نامجو. قجاوند,,50,20,20,41,41000000,https://www.iranjib.ir/showprint/104477/,asking_price,2026-09-12
104477,13,1401-11-06,سئول. رو به روی باشگاه انقلاب,,125,29,29,60,60000000,https://www.iranjib.ir/showprint/104477/,asking_price,2026-09-12
104477,14,1401-11-06,پونک. همیلا,,137,6,6,85,85000000,https://www.iranjib.ir/showprint/104477/,asking_price,2026-09-12
104477,15,1401-11-06,دریان نو. نرسیده به سوم,,144,6,6,90.2,90200000,https://www.iranjib.ir/showprint/104477/,asking_price,2026-09-12
104477,16,1401-11-06,هروی. نرسیده به میدان هروی,,98,6,6,85,85000000,https://www.iranjib.ir/showprint/104477/,asking_price,2026-09-12
104477,17,1401-11-06,دبستان. نرسیده به همدانی,,87,30,30,49.4,49400000,https://www.iranjib.ir/showprint/104477/,asking_price,2026-09-12
104477,18,1401-11-06,جنت آباد جنوبی. چهارباغ شرقی,,98,18,18,78,78000000,https://www.iranjib.ir/showprint/104477/,asking_price,2026-09-12
104477,19,1401-11-06,مجیدیه جنوبی. 16 متری دوم,,43,8,8,56.5,56500000,https://www.iranjib.ir/showprint/104477/,asking_price,2026-09-12
104477,20,1401-11-06,ولنجک. بلوار دانشجو,,106,نوساز,,160,160000000,https://www.iranjib.ir/showprint/104477/,asking_price,2026-09-12
104477,21,1401-11-06,تهرانپارس. 196 غربی,,85,نوساز,,58,58000000,https://www.iranjib.ir/showprint/104477/,asking_price,2026-09-12
104477,22,1401-11-06,شریعتی. رو به روی ملک,,47,20,20,59.5,59500000,https://www.iranjib.ir/showprint/104477/,asking_price,2026-09-12
104477,23,1401-11-06,جلفا. چلچله,,184,15,15,47.8,47800000,https://www.iranjib.ir/showprint/104477/,asking_price,2026-09-12
104477,24,1401-11-06,هروی. جوانشیر,,155,نوساز,,93.5,93500000,https://www.iranjib.ir/showprint/104477/,asking_price,2026-09-12
104477,25,1401-11-06,دبستان. نرسیده به حمیدی,,84,14,14,66.6,66600000,https://www.iranjib.ir/showprint/104477/,asking_price,2026-09-12
104477,26,1401-11-06,تهرانپارس. خیابان 184,,112,6,6,72,72000000,https://www.iranjib.ir/showprint/104477/,asking_price,2026-09-12
104477,27,1401-11-06,شمس آباد. ریحانی,,61,نوساز,,98.3,98300000,https://www.iranjib.ir/showprint/104477/,asking_price,2026-09-12
104477,28,1401-11-06,شیخ بهایی. نرسیده به عرفی شیرازی,,182,10,10,85,85000000,https://www.iranjib.ir/showprint/104477/,asking_price,2026-09-12
104477,29,1401-11-06,تهرانپارس. خیابان 138,,112,10,10,85,85000000,https://www.iranjib.ir/showprint/104477/,asking_price,2026-09-12
104477,30,1401-11-06,تهرانپارس. استخر,,124,نوساز,,125,125000000,https://www.iranjib.ir/showprint/104477/,asking_price,2026-09-12
104477,31,1401-11-06,دار آباد. بالاتر از مسیح دانشوری,,75,5,5,86.6,86600000,https://www.iranjib.ir/showprint/104477/,asking_price,2026-09-12
104477,32,1401-11-06,پیروزی. سه راه سلیمانیه,,61,21,21,39.3,39300000,https://www.iranjib.ir/showprint/104477/,asking_price,2026-09-12
104477,33,1401-11-06,نیروی هوایی. 30 متری,,57,19,19,50,50000000,https://www.iranjib.ir/showprint/104477/,asking_price,2026-09-12
104477,34,1401-11-06,طرشت. میدان سماء,,122,نوساز,,70,70000000,https://www.iranjib.ir/showprint/104477/,asking_price,2026-09-12
104477,35,1401-11-06,آیت الله کاشانی. سازمان برنامه شمالی,,158,نوساز,,120,120000000,https://www.iranjib.ir/showprint/104477/,asking_price,2026-09-12
104477,36,1401-11-06,17 شهریور. قادری,,124,1,1,55,55000000,https://www.iranjib.ir/showprint/104477/,asking_price,2026-09-12
104477,37,1401-11-06,گیشا. کوی نصر,,117,6,6,102.5,102500000,https://www.iranjib.ir/showprint/104477/,asking_price,2026-09-12
104477,38,1401-11-06,ظفر. نونهالان,,100,نوساز,,120,120000000,https://www.iranjib.ir/showprint/104477/,asking_price,2026-09-12
104477,39,1401-11-06,هروی. جوانشیر,,146,نوساز,,95,95000000,https://www.iranjib.ir/showprint/104477/,asking_price,2026-09-12
111526,1,1402-06-05,شهرک راه آهن. خیابان امیر کبیر,,138,11,11,92,92000000,https://www.iranjib.ir/showprint/111526/,asking_price,2026-09-12
111526,2,1402-06-05,خواجه عبدالله انصاری. خیابان نهم,,68,29,29,100,100000000,https://www.iranjib.ir/showprint/111526/,asking_price,2026-09-12
111526,3,1402-06-05,شهران جنوبی. مطهری,,78,نوساز,,120,120000000,https://www.iranjib.ir/showprint/111526/,asking_price,2026-09-12
111526,4,1402-06-05,تهرانپارس. بلوار پروین,,80,نوساز,,82,82000000,https://www.iranjib.ir/showprint/111526/,asking_price,2026-09-12
111526,5,1402-06-05,ستاری. زیتون,,82,19,19,75,75000000,https://www.iranjib.ir/showprint/111526/,asking_price,2026-09-12
111526,6,1402-06-05,جشنواره,,68,15,15,48.5,48500000,https://www.iranjib.ir/showprint/111526/,asking_price,2026-09-12
111526,7,1402-06-05,پونک. بلوار میرزابابایی,,66,18,18,103,103000000,https://www.iranjib.ir/showprint/111526/,asking_price,2026-09-12
111526,8,1402-06-05,نظام آباد. مدنی شمالی,,48,10,10,58,58000000,https://www.iranjib.ir/showprint/111526/,asking_price,2026-09-12
111526,9,1402-06-05,هفت تیر. بهار شمالی,,94,30,30,63.8,63800000,https://www.iranjib.ir/showprint/111526/,asking_price,2026-09-12
111526,10,1402-06-05,طرشت شمالی. بالاتر از بانک صادرات,,102,نوساز,,92,92000000,https://www.iranjib.ir/showprint/111526/,asking_price,2026-09-12
111526,11,1402-06-05,جشنواره. زهدی,,72,6,6,40.2,40200000,https://www.iranjib.ir/showprint/111526/,asking_price,2026-09-12
111526,12,1402-06-05,وحیدیه. نرسیده به کوچه فراهانی,,68,2,2,61.7,61700000,https://www.iranjib.ir/showprint/111526/,asking_price,2026-09-12
111526,13,1402-06-05,گلبرگ غربی. مدنی شمالی,,71,24,24,81.6,81600000,https://www.iranjib.ir/showprint/111526/,asking_price,2026-09-12
111526,14,1402-06-05,جنت آباد مرکزی. شاهین شمالی,,104,نوساز,,149,149000000,https://www.iranjib.ir/showprint/111526/,asking_price,2026-09-12
111526,15,1402-06-05,اوین. درکه,,152,3,3,165,165000000,https://www.iranjib.ir/showprint/111526/,asking_price,2026-09-12
111526,16,1402-06-05,ستارخان. شادمان,,97,25,25,86.5,86500000,https://www.iranjib.ir/showprint/111526/,asking_price,2026-09-12
111526,17,1402-06-05,شهید عراقی. خیابان کشوری,,135,نوساز,,140,140000000,https://www.iranjib.ir/showprint/111526/,asking_price,2026-09-12
111526,18,1402-06-05,شهر آرا. خیابان 38,,65,27,27,92.3,92300000,https://www.iranjib.ir/showprint/111526/,asking_price,2026-09-12
111526,19,1402-06-05,بلوار فردوس غرب. پروانه جنوبی,,80,20,20,83.7,83700000,https://www.iranjib.ir/showprint/111526/,asking_price,2026-09-12
111526,20,1402-06-05,دربند,,80,30,30,37.5,37500000,https://www.iranjib.ir/showprint/111526/,asking_price,2026-09-12
111526,21,1402-06-05,سعادت آباد. صراف های جنوبی,,90,16,16,161.1,161100000,https://www.iranjib.ir/showprint/111526/,asking_price,2026-09-12
111526,22,1402-06-05,مجیدیه جنوبی. استاد حسن بنا جنوبی,,95,2,2,82.1,82100000,https://www.iranjib.ir/showprint/111526/,asking_price,2026-09-12
111526,23,1402-06-05,شمس آباد. بلوار بیژن,,77,25,25,83.1,83100000,https://www.iranjib.ir/showprint/111526/,asking_price,2026-09-12
111526,24,1402-06-05,نظام آباد. مدنی جنوبی,,64,20,20,54.6,54600000,https://www.iranjib.ir/showprint/111526/,asking_price,2026-09-12
111526,25,1402-06-05,شهر آرا. پاتریس,,85,22,22,94.1,94100000,https://www.iranjib.ir/showprint/111526/,asking_price,2026-09-12
111526,26,1402-06-05,فرحزاد. ایثارگران شمالی,,126,15,15,119,119000000,https://www.iranjib.ir/showprint/111526/,asking_price,2026-09-12
111526,27,1402-06-05,جنت آباد شمالی. مبعث,,63,30,30,91.2,91200000,https://www.iranjib.ir/showprint/111526/,asking_price,2026-09-12
111526,28,1402-06-05,ستاری. پیامبر مرکزی,,97,10,10,105.1,105100000,https://www.iranjib.ir/showprint/111526/,asking_price,2026-09-12
111526,29,1402-06-05,پونک. بلوار همیلا,,100,22,22,95,95000000,https://www.iranjib.ir/showprint/111526/,asking_price,2026-09-12
111526,30,1402-06-05,مجیدیه جنوبی. اثنی عشری,,57,25,25,73.6,73600000,https://www.iranjib.ir/showprint/111526/,asking_price,2026-09-12
111526,31,1402-06-05,پونک. ایران زمین شمالی,,105,18,18,120,120000000,https://www.iranjib.ir/showprint/111526/,asking_price,2026-09-12
111526,32,1402-06-05,جمهوری. خیابان چنگیزی,,50,30,30,62,62000000,https://www.iranjib.ir/showprint/111526/,asking_price,2026-09-12
111526,33,1402-06-05,شهران شمالی. کوهسار,,58,17,17,105,105000000,https://www.iranjib.ir/showprint/111526/,asking_price,2026-09-12
111526,34,1402-06-05,اشرفی اصفهانی. شهرک نفت,,94,26,26,104.2,104200000,https://www.iranjib.ir/showprint/111526/,asking_price,2026-09-12
111526,35,1402-06-05,هروی. گلزار,,87,2,2,150,150000000,https://www.iranjib.ir/showprint/111526/,asking_price,2026-09-12
111526,36,1402-06-05,پیروزی. 21 متری دهقان,,75,20,20,56,56000000,https://www.iranjib.ir/showprint/111526/,asking_price,2026-09-12
111526,37,1402-06-05,تهرانپارس. 196 غربی,,52,16,16,67.3,67300000,https://www.iranjib.ir/showprint/111526/,asking_price,2026-09-12
111526,38,1402-06-05,ظفر. نونهالان,,144,نوساز,,150,150000000,https://www.iranjib.ir/showprint/111526/,asking_price,2026-09-12
147516,1,1405-06-17,دردشت,8,75,10,10,225,225000000,https://www.iranjib.ir/showprint/147516/,asking_price,2026-09-12
147516,2,1405-06-17,دردشت,8,100,10,10,230,230000000,https://www.iranjib.ir/showprint/147516/,asking_price,2026-09-12
147516,3,1405-06-17,هفت حوض,8,90,15,15,254,254000000,https://www.iranjib.ir/showprint/147516/,asking_price,2026-09-12
147516,4,1405-06-17,هفت حوض,8,71,25,25,176,176000000,https://www.iranjib.ir/showprint/147516/,asking_price,2026-09-12
147516,5,1405-06-17,نارمک,8,75,17,17,204,204000000,https://www.iranjib.ir/showprint/147516/,asking_price,2026-09-12
147516,6,1405-06-17,نارمک,8,98,16,16,250,250000000,https://www.iranjib.ir/showprint/147516/,asking_price,2026-09-12
147516,7,1405-06-17,نارمک,8,83,11,11,290,290000000,https://www.iranjib.ir/showprint/147516/,asking_price,2026-09-12
147516,8,1405-06-17,مجیدیه,8,85,20,20,168,168000000,https://www.iranjib.ir/showprint/147516/,asking_price,2026-09-12
147516,9,1405-06-17,مجیدیه,8,70,25,25,200,200000000,https://www.iranjib.ir/showprint/147516/,asking_price,2026-09-12
147516,10,1405-06-17,مدائن,8,90,22,22,250,250000000,https://www.iranjib.ir/showprint/147516/,asking_price,2026-09-12
147516,11,1405-06-17,مدائن,8,80,20,20,257,257000000,https://www.iranjib.ir/showprint/147516/,asking_price,2026-09-12
147516,12,1405-06-17,فدک,8,84,12,12,248,248000000,https://www.iranjib.ir/showprint/147516/,asking_price,2026-09-12
147516,13,1405-06-17,کرمان,8,77,13,13,240,240000000,https://www.iranjib.ir/showprint/147516/,asking_price,2026-09-12
147516,14,1405-06-17,لشکر,8,80,12,12,160,160000000,https://www.iranjib.ir/showprint/147516/,asking_price,2026-09-12
147516,15,1405-06-17,سبلان,8,77,21,21,141,141000000,https://www.iranjib.ir/showprint/147516/,asking_price,2026-09-12
147516,16,1405-06-17,تسلیحات,8,80,14,14,147,147000000,https://www.iranjib.ir/showprint/147516/,asking_price,2026-09-12
147516,17,1405-06-17,تسلیحات,8,73,12,12,133,133000000,https://www.iranjib.ir/showprint/147516/,asking_price,2026-09-12
147516,18,1405-06-17,وحیدیه,8,80,25,25,170,170000000,https://www.iranjib.ir/showprint/147516/,asking_price,2026-09-12
147516,19,1405-06-17,زرکش,8,72,10,10,166,166000000,https://www.iranjib.ir/showprint/147516/,asking_price,2026-09-12
147516,20,1405-06-17,نیروی هوایی,13,85,20,20,200,200000000,https://www.iranjib.ir/showprint/147516/,asking_price,2026-09-12
147516,21,1405-06-17,نیروی هوایی,13,90,11,11,257,257000000,https://www.iranjib.ir/showprint/147516/,asking_price,2026-09-12
147516,22,1405-06-17,نیروی هوایی,13,78,25,25,198,198000000,https://www.iranjib.ir/showprint/147516/,asking_price,2026-09-12
147516,23,1405-06-17,پیروزی,13,71,22,22,140,140000000,https://www.iranjib.ir/showprint/147516/,asking_price,2026-09-12
147516,24,1405-06-17,پیروزی,13,85,19,19,164,164000000,https://www.iranjib.ir/showprint/147516/,asking_price,2026-09-12
147516,25,1405-06-17,پیروزی,13,91,11,11,186,186000000,https://www.iranjib.ir/showprint/147516/,asking_price,2026-09-12
147516,26,1405-06-17,امامت,13,70,19,19,180,180000000,https://www.iranjib.ir/showprint/147516/,asking_price,2026-09-12
147516,27,1405-06-17,امامت,13,93,22,22,204,204000000,https://www.iranjib.ir/showprint/147516/,asking_price,2026-09-12
147516,28,1405-06-17,امامت,13,82,18,18,182,182000000,https://www.iranjib.ir/showprint/147516/,asking_price,2026-09-12
147516,29,1405-06-17,اسدی,13,80,24,24,150,150000000,https://www.iranjib.ir/showprint/147516/,asking_price,2026-09-12
147516,30,1405-06-17,اسدی,13,70,11,11,175,175000000,https://www.iranjib.ir/showprint/147516/,asking_price,2026-09-12
147516,31,1405-06-17,تهران نو,13,80,12,12,218,218000000,https://www.iranjib.ir/showprint/147516/,asking_price,2026-09-12
147516,32,1405-06-17,تهران نو,13,98,11,11,188,188000000,https://www.iranjib.ir/showprint/147516/,asking_price,2026-09-12
147516,33,1405-06-17,تهران نو,13,77,24,24,210,210000000,https://www.iranjib.ir/showprint/147516/,asking_price,2026-09-12
147516,34,1405-06-17,قاسم‌آباد,13,80,12,12,185,185000000,https://www.iranjib.ir/showprint/147516/,asking_price,2026-09-12
147516,35,1405-06-17,قاسم‌آباد,13,90,25,25,155,155000000,https://www.iranjib.ir/showprint/147516/,asking_price,2026-09-12
147516,36,1405-06-17,دهقان,13,80,25,25,156,156000000,https://www.iranjib.ir/showprint/147516/,asking_price,2026-09-12
147516,37,1405-06-17,دهقان,13,95,11,11,215,215000000,https://www.iranjib.ir/showprint/147516/,asking_price,2026-09-12
147516,38,1405-06-17,شکوفه,13,83,11,11,192,192000000,https://www.iranjib.ir/showprint/147516/,asking_price,2026-09-12
147516,39,1405-06-17,شکوفه,13,92,19,19,195,195000000,https://www.iranjib.ir/showprint/147516/,asking_price,2026-09-12
147516,40,1405-06-17,شکوفه,13,100,11,11,157,157000000,https://www.iranjib.ir/showprint/147516/,asking_price,2026-09-12
147516,41,1405-06-17,چهارصد دستگاه,14,71,22,22,140,140000000,https://www.iranjib.ir/showprint/147516/,asking_price,2026-09-12
147516,42,1405-06-17,چهارصد دستگاه,14,91,11,11,180,180000000,https://www.iranjib.ir/showprint/147516/,asking_price,2026-09-12
147516,43,1405-06-17,چهارصد دستگاه,14,72,17,17,140,140000000,https://www.iranjib.ir/showprint/147516/,asking_price,2026-09-12
147516,44,1405-06-17,پیروزی,14,96,18,18,207,207000000,https://www.iranjib.ir/showprint/147516/,asking_price,2026-09-12
147516,45,1405-06-17,پیروزی,14,80,20,20,187,187000000,https://www.iranjib.ir/showprint/147516/,asking_price,2026-09-12
147516,46,1405-06-17,پیروزی,14,70,19,19,178,178000000,https://www.iranjib.ir/showprint/147516/,asking_price,2026-09-12
147516,47,1405-06-17,تاکسیرانی,14,85,25,25,166,166000000,https://www.iranjib.ir/showprint/147516/,asking_price,2026-09-12
147516,48,1405-06-17,دولاب,14,99,14,14,126,126000000,https://www.iranjib.ir/showprint/147516/,asking_price,2026-09-12
147516,49,1405-06-17,دولاب,14,80,16,16,127,127000000,https://www.iranjib.ir/showprint/147516/,asking_price,2026-09-12
147516,50,1405-06-17,آهنگ,14,92,21,21,161,161000000,https://www.iranjib.ir/showprint/147516/,asking_price,2026-09-12
147516,51,1405-06-17,آهنگ,14,86,23,23,103,103000000,https://www.iranjib.ir/showprint/147516/,asking_price,2026-09-12
147516,52,1405-06-17,آهنگ,14,71,18,18,180,180000000,https://www.iranjib.ir/showprint/147516/,asking_price,2026-09-12
147516,53,1405-06-17,مینا,14,70,14,14,200,200000000,https://www.iranjib.ir/showprint/147516/,asking_price,2026-09-12
147516,54,1405-06-17,مینا,14,80,22,22,120,120000000,https://www.iranjib.ir/showprint/147516/,asking_price,2026-09-12
