month_jalali,year_jalali,month_of_year,price_per_m2_source_units,geography,currency_status,source_url
139501,1395,1,4089000,Tehran,not_explicit_in_source,https://github.com/amiralimadadi/Regression_TheranHousing/blob/ac6a6406f2c5507ab9a905859efc1b61cb4d17c1/TehranHousingPriceBackground.csv
139502,1395,2,4287000,Tehran,not_explicit_in_source,https://github.com/amiralimadadi/Regression_TheranHousing/blob/ac6a6406f2c5507ab9a905859efc1b61cb4d17c1/TehranHousingPriceBackground.csv
139503,1395,3,4328000,Tehran,not_explicit_in_source,https://github.com/amiralimadadi/Regression_TheranHousing/blob/ac6a6406f2c5507ab9a905859efc1b61cb4d17c1/TehranHousingPriceBackground.csv
139504,1395,4,4350000,Tehran,not_explicit_in_source,https://github.com/amiralimadadi/Regression_TheranHousing/blob/ac6a6406f2c5507ab9a905859efc1b61cb4d17c1/TehranHousingPriceBackground.csv
139505,1395,5,4391000,Tehran,not_explicit_in_source,https://github.com/amiralimadadi/Regression_TheranHousing/blob/ac6a6406f2c5507ab9a905859efc1b61cb4d17c1/TehranHousingPriceBackground.csv
139506,1395,6,4335000,Tehran,not_explicit_in_source,https://github.com/amiralimadadi/Regression_TheranHousing/blob/ac6a6406f2c5507ab9a905859efc1b61cb4d17c1/TehranHousingPriceBackground.csv
139507,1395,7,4370000,Tehran,not_explicit_in_source,https://github.com/amiralimadadi/Regression_TheranHousing/blob/ac6a6406f2c5507ab9a905859efc1b61cb4d17c1/TehranHousingPriceBackground.csv
139508,1395,8,4410000,Tehran,not_explicit_in_source,https://github.com/amiralimadadi/Regression_TheranHousing/blob/ac6a6406f2c5507ab9a905859efc1b61cb4d17c1/TehranHousingPriceBackground.csv
139509,1395,9,4429000,Tehran,not_explicit_in_source,https://github.com/amiralimadadi/Regression_TheranHousing/blob/ac6a6406f2c5507ab9a905859efc1b61cb4d17c1/TehranHousingPriceBackground.csv
139510,1395,10,4493000,Tehran,not_explicit_in_source,https://github.com/amiralimadadi/Regression_TheranHousing/blob/ac6a6406f2c5507ab9a905859efc1b61cb4d17c1/TehranHousingPriceBackground.csv
139511,1395,11,4502000,Tehran,not_explicit_in_source,https://github.com/amiralimadadi/Regression_TheranHousing/blob/ac6a6406f2c5507ab9a905859efc1b61cb4d17c1/TehranHousingPriceBackground.csv
139512,1395,12,4567000,Tehran,not_explicit_in_source,https://github.com/amiralimadadi/Regression_TheranHousing/blob/ac6a6406f2c5507ab9a905859efc1b61cb4d17c1/TehranHousingPriceBackground.csv
139601,1396,1,4267700,Tehran,not_explicit_in_source,https://github.com/amiralimadadi/Regression_TheranHousing/blob/ac6a6406f2c5507ab9a905859efc1b61cb4d17c1/TehranHousingPriceBackground.csv
139602,1396,2,4435000,Tehran,not_explicit_in_source,https://github.com/amiralimadadi/Regression_TheranHousing/blob/ac6a6406f2c5507ab9a905859efc1b61cb4d17c1/TehranHousingPriceBackground.csv
139603,1396,3,4465600,Tehran,not_explicit_in_source,https://github.com/amiralimadadi/Regression_TheranHousing/blob/ac6a6406f2c5507ab9a905859efc1b61cb4d17c1/TehranHousingPriceBackground.csv
139604,1396,4,4521900,Tehran,not_explicit_in_source,https://github.com/amiralimadadi/Regression_TheranHousing/blob/ac6a6406f2c5507ab9a905859efc1b61cb4d17c1/TehranHousingPriceBackground.csv
139605,1396,5,4566200,Tehran,not_explicit_in_source,https://github.com/amiralimadadi/Regression_TheranHousing/blob/ac6a6406f2c5507ab9a905859efc1b61cb4d17c1/TehranHousingPriceBackground.csv
139606,1396,6,4650000,Tehran,not_explicit_in_source,https://github.com/amiralimadadi/Regression_TheranHousing/blob/ac6a6406f2c5507ab9a905859efc1b61cb4d17c1/TehranHousingPriceBackground.csv
139607,1396,7,4692100,Tehran,not_explicit_in_source,https://github.com/amiralimadadi/Regression_TheranHousing/blob/ac6a6406f2c5507ab9a905859efc1b61cb4d17c1/TehranHousingPriceBackground.csv
139608,1396,8,4792900,Tehran,not_explicit_in_source,https://github.com/amiralimadadi/Regression_TheranHousing/blob/ac6a6406f2c5507ab9a905859efc1b61cb4d17c1/TehranHousingPriceBackground.csv
139609,1396,9,4982100,Tehran,not_explicit_in_source,https://github.com/amiralimadadi/Regression_TheranHousing/blob/ac6a6406f2c5507ab9a905859efc1b61cb4d17c1/TehranHousingPriceBackground.csv
139610,1396,10,5124700,Tehran,not_explicit_in_source,https://github.com/amiralimadadi/Regression_TheranHousing/blob/ac6a6406f2c5507ab9a905859efc1b61cb4d17c1/TehranHousingPriceBackground.csv
139611,1396,11,5384900,Tehran,not_explicit_in_source,https://github.com/amiralimadadi/Regression_TheranHousing/blob/ac6a6406f2c5507ab9a905859efc1b61cb4d17c1/TehranHousingPriceBackground.csv
139612,1396,12,5638600,Tehran,not_explicit_in_source,https://github.com/amiralimadadi/Regression_TheranHousing/blob/ac6a6406f2c5507ab9a905859efc1b61cb4d17c1/TehranHousingPriceBackground.csv
139701,1397,1,5528000,Tehran,not_explicit_in_source,https://github.com/amiralimadadi/Regression_TheranHousing/blob/ac6a6406f2c5507ab9a905859efc1b61cb4d17c1/TehranHousingPriceBackground.csv
139702,1397,2,5978000,Tehran,not_explicit_in_source,https://github.com/amiralimadadi/Regression_TheranHousing/blob/ac6a6406f2c5507ab9a905859efc1b61cb4d17c1/TehranHousingPriceBackground.csv
139703,1397,3,6510000,Tehran,not_explicit_in_source,https://github.com/amiralimadadi/Regression_TheranHousing/blob/ac6a6406f2c5507ab9a905859efc1b61cb4d17c1/TehranHousingPriceBackground.csv
139704,1397,4,6973000,Tehran,not_explicit_in_source,https://github.com/amiralimadadi/Regression_TheranHousing/blob/ac6a6406f2c5507ab9a905859efc1b61cb4d17c1/TehranHousingPriceBackground.csv
139705,1397,5,7399900,Tehran,not_explicit_in_source,https://github.com/amiralimadadi/Regression_TheranHousing/blob/ac6a6406f2c5507ab9a905859efc1b61cb4d17c1/TehranHousingPriceBackground.csv
139706,1397,6,8095700,Tehran,not_explicit_in_source,https://github.com/amiralimadadi/Regression_TheranHousing/blob/ac6a6406f2c5507ab9a905859efc1b61cb4d17c1/TehranHousingPriceBackground.csv
139707,1397,7,8510000,Tehran,not_explicit_in_source,https://github.com/amiralimadadi/Regression_TheranHousing/blob/ac6a6406f2c5507ab9a905859efc1b61cb4d17c1/TehranHousingPriceBackground.csv
139708,1397,8,9179400,Tehran,not_explicit_in_source,https://github.com/amiralimadadi/Regression_TheranHousing/blob/ac6a6406f2c5507ab9a905859efc1b61cb4d17c1/TehranHousingPriceBackground.csv
139709,1397,9,9554700,Tehran,not_explicit_in_source,https://github.com/amiralimadadi/Regression_TheranHousing/blob/ac6a6406f2c5507ab9a905859efc1b61cb4d17c1/TehranHousingPriceBackground.csv
139710,1397,10,9797300,Tehran,not_explicit_in_source,https://github.com/amiralimadadi/Regression_TheranHousing/blob/ac6a6406f2c5507ab9a905859efc1b61cb4d17c1/TehranHousingPriceBackground.csv
139711,1397,11,9967200,Tehran,not_explicit_in_source,https://github.com/amiralimadadi/Regression_TheranHousing/blob/ac6a6406f2c5507ab9a905859efc1b61cb4d17c1/TehranHousingPriceBackground.csv
139712,1397,12,10901126,Tehran,not_explicit_in_source,https://github.com/amiralimadadi/Regression_TheranHousing/blob/ac6a6406f2c5507ab9a905859efc1b61cb4d17c1/TehranHousingPriceBackground.csv
139801,1398,1,11269100,Tehran,not_explicit_in_source,https://github.com/amiralimadadi/Regression_TheranHousing/blob/ac6a6406f2c5507ab9a905859efc1b61cb4d17c1/TehranHousingPriceBackground.csv
139802,1398,2,12672500,Tehran,not_explicit_in_source,https://github.com/amiralimadadi/Regression_TheranHousing/blob/ac6a6406f2c5507ab9a905859efc1b61cb4d17c1/TehranHousingPriceBackground.csv
139803,1398,3,13299700,Tehran,not_explicit_in_source,https://github.com/amiralimadadi/Regression_TheranHousing/blob/ac6a6406f2c5507ab9a905859efc1b61cb4d17c1/TehranHousingPriceBackground.csv
139804,1398,4,13351200,Tehran,not_explicit_in_source,https://github.com/amiralimadadi/Regression_TheranHousing/blob/ac6a6406f2c5507ab9a905859efc1b61cb4d17c1/TehranHousingPriceBackground.csv
139805,1398,5,13025900,Tehran,not_explicit_in_source,https://github.com/amiralimadadi/Regression_TheranHousing/blob/ac6a6406f2c5507ab9a905859efc1b61cb4d17c1/TehranHousingPriceBackground.csv
139806,1398,6,12667700,Tehran,not_explicit_in_source,https://github.com/amiralimadadi/Regression_TheranHousing/blob/ac6a6406f2c5507ab9a905859efc1b61cb4d17c1/TehranHousingPriceBackground.csv
139807,1398,7,12715700,Tehran,not_explicit_in_source,https://github.com/amiralimadadi/Regression_TheranHousing/blob/ac6a6406f2c5507ab9a905859efc1b61cb4d17c1/TehranHousingPriceBackground.csv
139808,1398,8,12463700,Tehran,not_explicit_in_source,https://github.com/amiralimadadi/Regression_TheranHousing/blob/ac6a6406f2c5507ab9a905859efc1b61cb4d17c1/TehranHousingPriceBackground.csv
139809,1398,9,13525700,Tehran,not_explicit_in_source,https://github.com/amiralimadadi/Regression_TheranHousing/blob/ac6a6406f2c5507ab9a905859efc1b61cb4d17c1/TehranHousingPriceBackground.csv
139810,1398,10,13882700,Tehran,not_explicit_in_source,https://github.com/amiralimadadi/Regression_TheranHousing/blob/ac6a6406f2c5507ab9a905859efc1b61cb4d17c1/TehranHousingPriceBackground.csv
139811,1398,11,14397000,Tehran,not_explicit_in_source,https://github.com/amiralimadadi/Regression_TheranHousing/blob/ac6a6406f2c5507ab9a905859efc1b61cb4d17c1/TehranHousingPriceBackground.csv
139812,1398,12,15658800,Tehran,not_explicit_in_source,https://github.com/amiralimadadi/Regression_TheranHousing/blob/ac6a6406f2c5507ab9a905859efc1b61cb4d17c1/TehranHousingPriceBackground.csv
139901,1399,1,15295900,Tehran,not_explicit_in_source,https://github.com/amiralimadadi/Regression_TheranHousing/blob/ac6a6406f2c5507ab9a905859efc1b61cb4d17c1/TehranHousingPriceBackground.csv
139902,1399,2,16972700,Tehran,not_explicit_in_source,https://github.com/amiralimadadi/Regression_TheranHousing/blob/ac6a6406f2c5507ab9a905859efc1b61cb4d17c1/TehranHousingPriceBackground.csv
139903,1399,3,19071900,Tehran,not_explicit_in_source,https://github.com/amiralimadadi/Regression_TheranHousing/blob/ac6a6406f2c5507ab9a905859efc1b61cb4d17c1/TehranHousingPriceBackground.csv
139904,1399,4,20986100,Tehran,not_explicit_in_source,https://github.com/amiralimadadi/Regression_TheranHousing/blob/ac6a6406f2c5507ab9a905859efc1b61cb4d17c1/TehranHousingPriceBackground.csv
139905,1399,5,23107800,Tehran,not_explicit_in_source,https://github.com/amiralimadadi/Regression_TheranHousing/blob/ac6a6406f2c5507ab9a905859efc1b61cb4d17c1/TehranHousingPriceBackground.csv
139906,1399,6,24288100,Tehran,not_explicit_in_source,https://github.com/amiralimadadi/Regression_TheranHousing/blob/ac6a6406f2c5507ab9a905859efc1b61cb4d17c1/TehranHousingPriceBackground.csv
139907,1399,7,26720000,Tehran,not_explicit_in_source,https://github.com/amiralimadadi/Regression_TheranHousing/blob/ac6a6406f2c5507ab9a905859efc1b61cb4d17c1/TehranHousingPriceBackground.csv
139908,1399,8,27193100,Tehran,not_explicit_in_source,https://github.com/amiralimadadi/Regression_TheranHousing/blob/ac6a6406f2c5507ab9a905859efc1b61cb4d17c1/TehranHousingPriceBackground.csv
139909,1399,9,26905500,Tehran,not_explicit_in_source,https://github.com/amiralimadadi/Regression_TheranHousing/blob/ac6a6406f2c5507ab9a905859efc1b61cb4d17c1/TehranHousingPriceBackground.csv
139910,1399,10,27386000,Tehran,not_explicit_in_source,https://github.com/amiralimadadi/Regression_TheranHousing/blob/ac6a6406f2c5507ab9a905859efc1b61cb4d17c1/TehranHousingPriceBackground.csv
139911,1399,11,28398100,Tehran,not_explicit_in_source,https://github.com/amiralimadadi/Regression_TheranHousing/blob/ac6a6406f2c5507ab9a905859efc1b61cb4d17c1/TehranHousingPriceBackground.csv
139912,1399,12,30274700,Tehran,not_explicit_in_source,https://github.com/amiralimadadi/Regression_TheranHousing/blob/ac6a6406f2c5507ab9a905859efc1b61cb4d17c1/TehranHousingPriceBackground.csv
